Ldc,type,f_bus,t_bus,capacity,br_r
1,DC_grid,1,3,7.5,0.001336667
2,DC_grid,1,4,100,5.28E-05
3,DC_grid,2,3,80,0.000136483
4,DC_grid,3,4,100,8.18E-05
5,DC_grid,3,5,80,0.000144511
6,DC_grid,3,6,100,6.60E-05
7,DC_grid,4,5,100,9.23E-05
8,DC_grid,5,6,5,0.002005001
9,PtP_link,7,8,60,0.000410553
10,PtP_link,11,12,60,0.000260017
11,PtP_link,9,10,60,0.000136851
12,PtP_link,13,14,60,0.000232647
