{"2723":{"objective_lb":2292.164100234538,"optimizer":"Gurobi","termination_status":"OPTIMAL","dual_status":"FEASIBLE_POINT","primal_status":"FEASIBLE_POINT","objective":2292.164100234538,"solution":{"baseMVA":100,"branch":{"8":{"qf":null,"qt":null,"pt":0.05821329206365533,"pf":-0.05821329206365533},"4":{"qf":null,"qt":null,"pt":0.06923950735471607,"pf":-0.06923950735471607},"1":{"qf":null,"qt":null,"pt":-0.002861580400278285,"pf":0.002861580400278285},"5":{"qf":null,"qt":null,"pt":0.026297370890986826,"pf":-0.026297370890986826},"2":{"qf":null,"qt":null,"pt":0.0,"pf":0.0},"6":{"qf":null,"qt":null,"pt":-0.02260816134354826,"pf":0.02260816134354826},"7":{"qf":null,"qt":null,"pt":0.0,"pf":0.0},"3":{"qf":null,"qt":null,"pt":0.03611688795450618,"pf":-0.03611688795450618}},"gen":{"24":{"qg":null,"pg":0.0},"4":{"qg":null,"pg":980.1860220877743},"1":{"qg":null,"pg":454.0120875083832},"12":{"qg":null,"pg":0.0},"20":{"qg":null,"pg":229.21641002345382},"2":{"qg":null,"pg":299.69555693568003},"6":{"qg":null,"pg":636.3699384586374},"23":{"qg":null,"pg":0.0},"22":{"qg":null,"pg":0.0},"11":{"qg":null,"pg":0.0},"13":{"qg":null,"pg":0.0},"5":{"qg":null,"pg":1568.654194801467},"15":{"qg":null,"pg":0.0},"16":{"qg":null,"pg":0.0},"14":{"qg":null,"pg":1.5351710399999998},"21":{"qg":null,"pg":0.0},"7":{"qg":null,"pg":0.0},"8":{"qg":null,"pg":21.619174251048513},"17":{"qg":null,"pg":0.0},"19":{"qg":null,"pg":0.0},"10":{"qg":null,"pg":0.0},"9":{"qg":null,"pg":0.0},"18":{"qg":null,"pg":0.0},"3":{"qg":null,"pg":1221.2779086648811}},"multiinfrastructure":false,"convdc":{"4":{"vafilt":1.0477951258920566,"pgrid":-1.1907375020623476,"ppr_fr":-1.1907375020623476,"pdc":1.2,"vaconv":1.0480926450250525,"pconv":-1.190737502062575,"ptf_to":1.1907375020623476},"1":{"vafilt":0.000991876486761356,"pgrid":-1.190737502062578,"ppr_fr":-1.190737502062578,"pdc":1.2,"vaconv":0.001487741708421808,"pconv":-1.190737502062575,"ptf_to":1.1907375020625777},"5":{"vafilt":-1.047957709728859,"pgrid":1.2128302960738893,"ppr_fr":1.2128302960738893,"pdc":-1.2000000000000028,"vaconv":-1.0483365088108725,"pconv":1.2128302960737756,"ptf_to":-1.2128302960738893},"2":{"vafilt":-1.044224370539716,"pgrid":-1.190737502062575,"ppr_fr":-1.190737502062575,"pdc":1.2,"vaconv":-1.0427367748747338,"pconv":-1.190737502062575,"ptf_to":1.190737502062575},"6":{"vafilt":-0.001298930963758771,"pgrid":1.2128302960737818,"ppr_fr":1.2128302960737818,"pdc":-1.2,"vaconv":-0.0019483008186380602,"pconv":1.2128302960737756,"ptf_to":-1.2128302960737816},"3":{"vafilt":-0.00045462583731570305,"pgrid":1.2128302960737818,"ppr_fr":1.2128302960737818,"pdc":-1.2,"vaconv":-0.0006819052865232322,"pconv":1.2128302960737756,"ptf_to":-1.2128302960737816}},"multinetwork":false,"branchdc":{"8":{"pt":-60.0,"pf":60.0},"4":{"pt":-22.400000000000006,"pf":22.400000000000006},"1":{"pt":80.0,"pf":-80.0},"5":{"pt":41.2,"pf":-41.2},"2":{"pt":-78.8,"pf":78.80000000000001},"6":{"pt":61.19999999999999,"pf":-61.2},"7":{"pt":-100.0,"pf":100.0},"3":{"pt":1.2000000000000028,"pf":-1.2000000000000028}},"bus":{"4":{"va":1.0472,"vm":1.0},"1":{"va":0.0,"vm":1.0},"5":{"va":-1.0472,"vm":1.0},"2":{"va":-1.0472,"vm":1.0},"6":{"va":0.0,"vm":1.0},"3":{"va":0.0,"vm":1.0}},"per_unit":true},"solve_time":0.00030493736267089844},"6311":{"objective_lb":38320.888080662495,"optimizer":"Gurobi","termination_status":"OPTIMAL","dual_status":"FEASIBLE_POINT","primal_status":"FEASIBLE_POINT","objective":38320.888080662495,"solution":{"baseMVA":100,"branch":{"8":{"qf":null,"qt":null,"pt":0.05821329206365533,"pf":-0.05821329206365533},"4":{"qf":null,"qt":null,"pt":0.0,"pf":0.0},"1":{"qf":null,"qt":null,"pt":0.002861580400278285,"pf":-0.002861580400278285},"5":{"qf":null,"qt":null,"pt":0.0,"pf":0.0},"2":{"qf":null,"qt":null,"pt":0.015224432184339776,"pf":-0.015224432184339776},"6":{"qf":null,"qt":null,"pt":-0.02260816134354826,"pf":0.02260816134354826},"7":{"qf":null,"qt":null,"pt":0.0,"pf":0.0},"3":{"qf":null,"qt":null,"pt":0.03611688795450618,"pf":-0.03611688795450618}},"gen":{"24":{"qg":null,"pg":325.4987061070957},"4":{"qg":null,"pg":0.0},"1":{"qg":null,"pg":0.0},"12":{"qg":null,"pg":187.9187438296045},"20":{"qg":null,"pg":421.0007940121728},"2":{"qg":null,"pg":0.0},"6":{"qg":null,"pg":0.0},"23":{"qg":null,"pg":1120.0277356699148},"22":{"qg":null,"pg":536.5912237216115},"11":{"qg":null,"pg":315.74813679000493},"13":{"qg":null,"pg":111.46804595424828},"5":{"qg":null,"pg":0.0},"15":{"qg":null,"pg":45.26008065137601},"16":{"qg":null,"pg":128.28472162499997},"14":{"qg":null,"pg":5.397183809999991},"21":{"qg":null,"pg":1081.1421097311447},"7":{"qg":null,"pg":15.733404101976282},"8":{"qg":null,"pg":78.03344664116496},"17":{"qg":null,"pg":15.531199117647041},"19":{"qg":null,"pg":347.82823882430995},"10":{"qg":null,"pg":354.1468755584169},"9":{"qg":null,"pg":169.57645953494435},"18":{"qg":null,"pg":69.09916199999999},"3":{"qg":null,"pg":0.0}},"multiinfrastructure":false,"convdc":{"4":{"vafilt":-0.000606167783087308,"pgrid":1.2128302960737818,"ppr_fr":1.2128302960737818,"pdc":-1.2,"vaconv":-0.0009092070486982351,"pconv":1.2128302960737756,"ptf_to":-1.2128302960737816},"1":{"vafilt":-1.0482102796384787,"pgrid":1.2128302960736619,"ppr_fr":1.2128302960736619,"pdc":-1.2000000000000028,"vaconv":-1.0487153450811633,"pconv":1.2128302960737756,"ptf_to":-1.2128302960736619},"5":{"vafilt":-1.047957709728859,"pgrid":1.2128302960738893,"ppr_fr":1.2128302960738893,"pdc":-1.2,"vaconv":-1.0483365088108725,"pconv":1.2128302960737756,"ptf_to":-1.2128302960738893},"2":{"vafilt":0.0029756294602840683,"pgrid":-1.1907375020625781,"ppr_fr":-1.1907375020625781,"pdc":1.2,"vaconv":0.004463225125266312,"pconv":-1.190737502062575,"ptf_to":1.1907375020625781},"6":{"vafilt":0.001275269768693299,"pgrid":-1.190737502062578,"ppr_fr":-1.190737502062578,"pdc":1.2,"vaconv":0.0019128107679708961,"pconv":-1.190737502062575,"ptf_to":1.1907375020625777},"3":{"vafilt":0.0004463444190427879,"pgrid":-1.1907375020625781,"ppr_fr":-1.1907375020625781,"pdc":1.2,"vaconv":0.0006694837687897248,"pconv":-1.190737502062575,"ptf_to":1.1907375020625781}},"multinetwork":false,"branchdc":{"8":{"pt":-60.0,"pf":60.0},"4":{"pt":-17.599999999999994,"pf":17.599999999999994},"1":{"pt":80.0,"pf":-80.0},"5":{"pt":41.2,"pf":-41.2},"2":{"pt":-81.2,"pf":81.19999999999999},"6":{"pt":58.80000000000001,"pf":-58.8},"7":{"pt":-100.0,"pf":100.0},"3":{"pt":1.2000000000000028,"pf":-1.2000000000000028}},"bus":{"4":{"va":0.0,"vm":1.0},"1":{"va":-1.0472,"vm":1.0},"5":{"va":-1.0472,"vm":1.0},"2":{"va":0.0,"vm":1.0},"6":{"va":0.0,"vm":1.0},"3":{"va":0.0,"vm":1.0}},"per_unit":true},"solve_time":0.0003681182861328125},"6541":{"objective_lb":0.0,"optimizer":"Gurobi","termination_status":"OPTIMAL","dual_status":"FEASIBLE_POINT","primal_status":"FEASIBLE_POINT","objective":0.0,"solution":{"baseMVA":100,"branch":{"8":{"qf":null,"qt":null,"pt":0.05821329206365533,"pf":-0.05821329206365533},"4":{"qf":null,"qt":null,"pt":0.0,"pf":0.0},"1":{"qf":null,"qt":null,"pt":0.002861580400278285,"pf":-0.002861580400278285},"5":{"qf":null,"qt":null,"pt":0.0,"pf":0.0},"2":{"qf":null,"qt":null,"pt":0.015224432184339776,"pf":-0.015224432184339776},"6":{"qf":null,"qt":null,"pt":-0.02260816134354826,"pf":0.02260816134354826},"7":{"qf":null,"qt":null,"pt":0.0,"pf":0.0},"3":{"qf":null,"qt":null,"pt":0.03611688795450618,"pf":-0.03611688795450618}},"gen":{"24":{"qg":null,"pg":0.0},"4":{"qg":null,"pg":806.4914750248912},"1":{"qg":null,"pg":0.0},"12":{"qg":null,"pg":0.0},"20":{"qg":null,"pg":0.0},"2":{"qg":null,"pg":110.92071516672},"6":{"qg":null,"pg":489.3223102294375},"23":{"qg":null,"pg":0.0},"22":{"qg":null,"pg":0.0},"11":{"qg":null,"pg":0.0},"13":{"qg":null,"pg":389.20578795539853},"5":{"qg":null,"pg":1214.9182794439214},"15":{"qg":null,"pg":0.0},"16":{"qg":null,"pg":0.0},"14":{"qg":null,"pg":60.31911897},"21":{"qg":null,"pg":0.0},"7":{"qg":null,"pg":0.0},"8":{"qg":null,"pg":320.7223555987541},"17":{"qg":null,"pg":0.0},"19":{"qg":null,"pg":0.0},"10":{"qg":null,"pg":0.0},"9":{"qg":null,"pg":0.0},